[
  { "id": 1, "nome": "Abatiá" },
  { "id": 2, "nome": "Adrianópolis" },
  { "id": 3, "nome": "Agudos do Sul" },
  { "id": 4, "nome": "Almirante Tamandaré" },
  { "id": 5, "nome": "Altamira do Paraná" },
  { "id": 6, "nome": "Alto Paraíso" },
  { "id": 7, "nome": "Alto Paraná" },
  { "id": 8, "nome": "Alto Piquiri" },
  { "id": 9, "nome": "Altônia" },
  { "id": 10, "nome": "Alvorada do Sul" },
  { "id": 11, "nome": "Amaporã" },
  { "id": 12, "nome": "Ampére" },
  { "id": 13, "nome": "Anahy" },
  { "id": 14, "nome": "Andirá" },
  { "id": 15, "nome": "Ângulo" },
  { "id": 16, "nome": "Antonina" },
  { "id": 17, "nome": "Antônio Olinto" },
  { "id": 18, "nome": "Apucarana" },
  { "id": 19, "nome": "Arapongas" },
  { "id": 20, "nome": "Arapoti" },
  { "id": 21, "nome": "Arapuã" },
  { "id": 22, "nome": "Araruna" },
  { "id": 23, "nome": "Araucária" },
  { "id": 24, "nome": "Ariranha do Ivaí" },
  { "id": 25, "nome": "Assaí" },
  { "id": 26, "nome": "Assis Chateaubriand" },
  { "id": 27, "nome": "Astorga" },
  { "id": 28, "nome": "Atalaia" },
  { "id": 29, "nome": "Balsa Nova" },
  { "id": 30, "nome": "Bandeirantes" },
  { "id": 31, "nome": "Barbosa Ferraz" },
  { "id": 32, "nome": "Barra do Jacaré" },
  { "id": 33, "nome": "Barracão" },
  { "id": 34, "nome": "Bela Vista da Caroba" },
  { "id": 35, "nome": "Bela Vista do Paraíso" },
  { "id": 36, "nome": "Bituruna" },
  { "id": 37, "nome": "Boa Esperança" },
  { "id": 38, "nome": "Boa Esperança do Iguaçu" },
  { "id": 39, "nome": "Boa Ventura de São Roque" },
  { "id": 40, "nome": "Boa Vista da Aparecida" },
  { "id": 41, "nome": "Bocaiúva do Sul" },
  { "id": 42, "nome": "Bom Jesus do Sul" },
  { "id": 43, "nome": "Bom Sucesso" },
  { "id": 44, "nome": "Bom Sucesso do Sul" },
  { "id": 45, "nome": "Borrazópolis" },
  { "id": 46, "nome": "Braganey" },
  { "id": 47, "nome": "Brasilândia do Sul" },
  { "id": 48, "nome": "Cafeara" },
  { "id": 49, "nome": "Cafelândia" },
  { "id": 50, "nome": "Cafezal do Sul" },
  { "id": 51, "nome": "Califórnia" },
  { "id": 52, "nome": "Cambará" },
  { "id": 53, "nome": "Cambé" },
  { "id": 54, "nome": "Cambira" },
  { "id": 55, "nome": "Campina da Lagoa" },
  { "id": 56, "nome": "Campina do Simão" },
  { "id": 57, "nome": "Campina Grande do Sul" },
  { "id": 58, "nome": "Campo Bonito" },
  { "id": 59, "nome": "Campo do Tenente" },
  { "id": 60, "nome": "Campo Largo" },
  { "id": 61, "nome": "Campo Magro" },
  { "id": 62, "nome": "Campo Mourão" },
  { "id": 63, "nome": "Cândido de Abreu" },
  { "id": 64, "nome": "Candói" },
  { "id": 65, "nome": "Cantagalo" },
  { "id": 66, "nome": "Capanema" },
  { "id": 67, "nome": "Capitão Leônidas Marques" },
  { "id": 68, "nome": "Carambeí" },
  { "id": 69, "nome": "Carlópolis" },
  { "id": 70, "nome": "Cascavel" },
  { "id": 71, "nome": "Castro" },
  { "id": 72, "nome": "Catanduvas" },
  { "id": 73, "nome": "Centenário do Sul" },
  { "id": 74, "nome": "Cerro Azul" },
  { "id": 75, "nome": "Céu Azul" },
  { "id": 76, "nome": "Chopinzinho" },
  { "id": 77, "nome": "Cianorte" },
  { "id": 78, "nome": "Cidade Gaúcha" },
  { "id": 79, "nome": "Clevelândia" },
  { "id": 80, "nome": "Colombo" },
  { "id": 81, "nome": "Colorado" },
  { "id": 82, "nome": "Congonhinhas" },
  { "id": 83, "nome": "Conselheiro Mairinck" },
  { "id": 84, "nome": "Contenda" },
  { "id": 85, "nome": "Corbélia" },
  { "id": 86, "nome": "Cornélio Procópio" },
  { "id": 87, "nome": "Coronel Domingos Soares" },
  { "id": 88, "nome": "Coronel Vivida" },
  { "id": 89, "nome": "Corumbataí do Sul" },
  { "id": 90, "nome": "Cruz Machado" },
  { "id": 91, "nome": "Cruzeiro do Iguaçu" },
  { "id": 92, "nome": "Cruzeiro do Oeste" },
  { "id": 93, "nome": "Cruzeiro do Sul" },
  { "id": 94, "nome": "Cruzmaltina" },
  { "id": 95, "nome": "Curitiba" },
  { "id": 96, "nome": "Curiúva" },
  { "id": 97, "nome": "Diamante d'Oeste" },
  { "id": 98, "nome": "Diamante do Norte" },
  { "id": 99, "nome": "Diamante do Sul" },
  { "id": 100, "nome": "Dois Vizinhos" },
 { "id": 101, "nome": "Douradina" },
  { "id": 102, "nome": "Doutor Camargo" },
  { "id": 103, "nome": "Doutor Ulysses" },
  { "id": 104, "nome": "Enéas Marques" },
  { "id": 105, "nome": "Engenheiro Beltrão" },
  { "id": 106, "nome": "Entre Rios do Oeste" },
  { "id": 107, "nome": "Esperança Nova" },
  { "id": 108, "nome": "Espigão Alto do Iguaçu" },
  { "id": 109, "nome": "Farol" },
  { "id": 110, "nome": "Faxinal" },
  { "id": 111, "nome": "Fazenda Rio Grande" },
  { "id": 112, "nome": "Fênix" },
  { "id": 113, "nome": "Fernandes Pinheiro" },
  { "id": 114, "nome": "Figueira" },
  { "id": 115, "nome": "Flor da Serra do Sul" },
  { "id": 116, "nome": "Floraí" },
  { "id": 117, "nome": "Floresta" },
  { "id": 118, "nome": "Florestópolis" },
  { "id": 119, "nome": "Flórida" },
  { "id": 120, "nome": "Formosa do Oeste" },
  { "id": 121, "nome": "Foz do Iguaçu" },
  { "id": 122, "nome": "Foz do Jordão" },
  { "id": 123, "nome": "Francisco Alves" },
  { "id": 124, "nome": "Francisco Beltrão" },
  { "id": 125, "nome": "General Carneiro" },
  { "id": 126, "nome": "Godoy Moreira" },
  { "id": 127, "nome": "Goioerê" },
  { "id": 128, "nome": "Goioxim" },
  { "id": 129, "nome": "Grandes Rios" },
  { "id": 130, "nome": "Guaíra" },
  { "id": 131, "nome": "Guairaçá" },
  { "id": 132, "nome": "Guamiranga" },
  { "id": 133, "nome": "Guapirama" },
  { "id": 134, "nome": "Guaporema" },
  { "id": 135, "nome": "Guaraci" },
  { "id": 136, "nome": "Guaraniaçu" },
  { "id": 137, "nome": "Guarapuava" },
  { "id": 138, "nome": "Guaraqueçaba" },
  { "id": 139, "nome": "Guaratuba" },
  { "id": 140, "nome": "Honório Serpa" },
  { "id": 141, "nome": "Ibaiti" },
  { "id": 142, "nome": "Ibema" },
  { "id": 143, "nome": "Ibiporã" },
  { "id": 144, "nome": "Icaraíma" },
  { "id": 145, "nome": "Iguaraçu" },
  { "id": 146, "nome": "Iguatu" },
  { "id": 147, "nome": "Imbaú" },
  { "id": 148, "nome": "Imbituva" },
  { "id": 149, "nome": "Inácio Martins" },
  { "id": 150, "nome": "Inajá" },
  { "id": 151, "nome": "Indianópolis" },
  { "id": 152, "nome": "Ipiranga" },
  { "id": 153, "nome": "Iporã" },
  { "id": 154, "nome": "Iracema do Oeste" },
  { "id": 155, "nome": "Irati" },
  { "id": 156, "nome": "Iretama" },
  { "id": 157, "nome": "Itaguajé" },
  { "id": 158, "nome": "Itaipulândia" },
  { "id": 159, "nome": "Itambaracá" },
  { "id": 160, "nome": "Itambé" },
  { "id": 161, "nome": "Itapejara d'Oeste" },
  { "id": 162, "nome": "Itaperuçu" },
  { "id": 163, "nome": "Itaúna do Sul" },
  { "id": 164, "nome": "Ivaí" },
  { "id": 165, "nome": "Ivaiporã" },
  { "id": 166, "nome": "Ivaté" },
  { "id": 167, "nome": "Ivatuba" },
  { "id": 168, "nome": "Jaboti" },
  { "id": 169, "nome": "Jacarezinho" },
  { "id": 170, "nome": "Jaguapitã" },
  { "id": 171, "nome": "Jaguariaíva" },
  { "id": 172, "nome": "Jandaia do Sul" },
  { "id": 173, "nome": "Janiópolis" },
  { "id": 174, "nome": "Japira" },
  { "id": 175, "nome": "Japurá" },
  { "id": 176, "nome": "Jardim Alegre" },
  { "id": 177, "nome": "Jardim Olinda" },
  { "id": 178, "nome": "Jataizinho" },
  { "id": 179, "nome": "Jesuítas" },
  { "id": 180, "nome": "Joaquim Távora" },
  { "id": 181, "nome": "Jundiaí do Sul" },
  { "id": 182, "nome": "Juranda" },
  { "id": 183, "nome": "Jussara" },
  { "id": 184, "nome": "Kaloré" },
  { "id": 185, "nome": "Lapa" },
  { "id": 186, "nome": "Laranjal" },
  { "id": 187, "nome": "Laranjeiras do Sul" },
  { "id": 188, "nome": "Leópolis" },
  { "id": 189, "nome": "Lidianópolis" },
  { "id": 190, "nome": "Lindoeste" },
  { "id": 191, "nome": "Loanda" },
  { "id": 192, "nome": "Lobato" },
  { "id": 193, "nome": "Londrina" },
  { "id": 194, "nome": "Luiziana" },
  { "id": 195, "nome": "Lunardelli" },
  { "id": 196, "nome": "Lupionópolis" },
  { "id": 197, "nome": "Mallet" },
  { "id": 198, "nome": "Mamborê" },
  { "id": 199, "nome": "Mandaguaçu" },
  { "id": 200, "nome": "Mandaguari" },
  { "id": 201, "nome": "Mandirituba" },
  { "id": 202, "nome": "Manfrinópolis" },
  { "id": 203, "nome": "Mangueirinha" },
  { "id": 204, "nome": "Manoel Ribas" },
  { "id": 205, "nome": "Marechal Cândido Rondon" },
  { "id": 206, "nome": "Maria Helena" },
  { "id": 207, "nome": "Marialva" },
  { "id": 208, "nome": "Marilândia do Sul" },
  { "id": 209, "nome": "Marilena" },
  { "id": 210, "nome": "Mariluz" },
  { "id": 211, "nome": "Maringá" },
  { "id": 212, "nome": "Mariópolis" },
  { "id": 213, "nome": "Maripá" },
  { "id": 214, "nome": "Marmeleiro" },
  { "id": 215, "nome": "Marquinho" },
  { "id": 216, "nome": "Marumbi" },
  { "id": 217, "nome": "Matelândia" },
  { "id": 218, "nome": "Matinhos" },
  { "id": 219, "nome": "Mato Rico" },
  { "id": 220, "nome": "Mauá da Serra" },
  { "id": 221, "nome": "Medianeira" },
  { "id": 222, "nome": "Mercedes" },
  { "id": 223, "nome": "Mirador" },
  { "id": 224, "nome": "Miraselva" },
  { "id": 225, "nome": "Missal" },
  { "id": 226, "nome": "Moreira Sales" },
  { "id": 227, "nome": "Morretes" },
  { "id": 228, "nome": "Munhoz de Melo" },
  { "id": 229, "nome": "Nossa Senhora das Graças" },
  { "id": 230, "nome": "Nova Aliança do Ivaí" },
  { "id": 231, "nome": "Nova América da Colina" },
  { "id": 232, "nome": "Nova Aurora" },
  { "id": 233, "nome": "Nova Cantu" },
  { "id": 234, "nome": "Nova Esperança" },
  { "id": 235, "nome": "Nova Esperança do Sudoeste" },
  { "id": 236, "nome": "Nova Fátima" },
  { "id": 237, "nome": "Nova Laranjeiras" },
  { "id": 238, "nome": "Nova Londrina" },
  { "id": 239, "nome": "Nova Olímpia" },
  { "id": 240, "nome": "Nova Prata do Iguaçu" },
  { "id": 241, "nome": "Nova Santa Bárbara" },
  { "id": 242, "nome": "Nova Santa Rosa" },
  { "id": 243, "nome": "Nova Tebas" },
  { "id": 244, "nome": "Novo Itacolomi" },
  { "id": 245, "nome": "Ortigueira" },
  { "id": 246, "nome": "Ourizona" },
  { "id": 247, "nome": "Ouro Verde do Oeste" },
  { "id": 248, "nome": "Paiçandu" },
  { "id": 249, "nome": "Palmas" },
  { "id": 250, "nome": "Palmeira" },
  { "id": 251, "nome": "Palmital" },
  { "id": 252, "nome": "Palotina" },
  { "id": 253, "nome": "Paraíso do Norte" },
  { "id": 254, "nome": "Paranacity" },
  { "id": 255, "nome": "Paranaguá" },
  { "id": 256, "nome": "Paranapoema" },
  { "id": 257, "nome": "Paranavaí" },
  { "id": 258, "nome": "Pato Bragado" },
  { "id": 259, "nome": "Pato Branco" },
  { "id": 260, "nome": "Paula Freitas" },
  { "id": 261, "nome": "Paulo Frontin" },
  { "id": 262, "nome": "Peabiru" },
  { "id": 263, "nome": "Perobal" },
  { "id": 264, "nome": "Pérola" },
  { "id": 265, "nome": "Pérola d'Oeste" },
  { "id": 266, "nome": "Piên" },
  { "id": 267, "nome": "Pinhais" },
  { "id": 268, "nome": "Pinhal de São Bento" },
  { "id": 269, "nome": "Pinhalão" },
  { "id": 270, "nome": "Pinhão" },
  { "id": 271, "nome": "Piraí do Sul" },
  { "id": 272, "nome": "Piraquara" },
  { "id": 273, "nome": "Pitanga" },
  { "id": 274, "nome": "Pitangueiras" },
  { "id": 275, "nome": "Planaltina do Paraná" },
  { "id": 276, "nome": "Planalto" },
  { "id": 277, "nome": "Ponta Grossa" },
  { "id": 278, "nome": "Pontal do Paraná" },
  { "id": 279, "nome": "Porecatu" },
  { "id": 280, "nome": "Porto Amazonas" },
  { "id": 281, "nome": "Porto Barreiro" },
  { "id": 282, "nome": "Porto Rico" },
  { "id": 283, "nome": "Porto Vitória" },
  { "id": 284, "nome": "Prado Ferreira" },
  { "id": 285, "nome": "Pranchita" },
  { "id": 286, "nome": "Presidente Castelo Branco" },
  { "id": 287, "nome": "Primeiro de Maio" },
  { "id": 288, "nome": "Prudentópolis" },
  { "id": 289, "nome": "Quarto Centenário" },
  { "id": 290, "nome": "Quatiguá" },
  { "id": 291, "nome": "Quatro Barras" },
  { "id": 292, "nome": "Quatro Pontes" },
  { "id": 293, "nome": "Quedas do Iguaçu" },
  { "id": 294, "nome": "Querência do Norte" },
  { "id": 295, "nome": "Quinta do Sol" },
  { "id": 296, "nome": "Quitandinha" },
  { "id": 297, "nome": "Ramilândia" },
  { "id": 298, "nome": "Rancho Alegre" },
  { "id": 299, "nome": "Rancho Alegre d'Oeste" },
  { "id": 300, "nome": "Realeza" },
   { "id": 301, "nome": "Rebouças" },
  { "id": 302, "nome": "Renascença" },
  { "id": 303, "nome": "Reserva" },
  { "id": 304, "nome": "Reserva do Iguaçu" },
  { "id": 305, "nome": "Ribeirão Claro" },
  { "id": 306, "nome": "Ribeirão do Pinhal" },
  { "id": 307, "nome": "Rio Azul" },
  { "id": 308, "nome": "Rio Bom" },
  { "id": 309, "nome": "Rio Bonito do Iguaçu" },
  { "id": 310, "nome": "Rio Branco do Ivaí" },
  { "id": 311, "nome": "Rio Branco do Sul" },
  { "id": 312, "nome": "Rio Negro" },
  { "id": 313, "nome": "Rolândia" },
  { "id": 314, "nome": "Roncador" },
  { "id": 315, "nome": "Rondon" },
  { "id": 316, "nome": "Rosário do Ivaí" },
  { "id": 317, "nome": "Sabáudia" },
  { "id": 318, "nome": "Salgado Filho" },
  { "id": 319, "nome": "Salto do Itararé" },
  { "id": 320, "nome": "Salto do Lontra" },
  { "id": 321, "nome": "Santa Amélia" },
  { "id": 322, "nome": "Santa Cecília do Pavão" },
  { "id": 323, "nome": "Santa Cruz de Monte Castelo" },
  { "id": 324, "nome": "Santa Fé" },
  { "id": 325, "nome": "Santa Helena" },
  { "id": 326, "nome": "Santa Inês" },
  { "id": 327, "nome": "Santa Isabel do Ivaí" },
  { "id": 328, "nome": "Santa Izabel do Oeste" },
  { "id": 329, "nome": "Santa Lúcia" },
  { "id": 330, "nome": "Santa Maria do Oeste" },
  { "id": 331, "nome": "Santa Mariana" },
  { "id": 332, "nome": "Santa Mônica" },
  { "id": 333, "nome": "Santa Tereza do Oeste" },
  { "id": 334, "nome": "Santa Terezinha de Itaipu" },
  { "id": 335, "nome": "Santana do Itararé" },
  { "id": 336, "nome": "Santo Antônio da Platina" },
  { "id": 337, "nome": "Santo Antônio do Caiuá" },
  { "id": 338, "nome": "Santo Antônio do Paraíso" },
  { "id": 339, "nome": "Santo Antônio do Sudoeste" },
  { "id": 340, "nome": "Santo Inácio" },
  { "id": 341, "nome": "São Carlos do Ivaí" },
  { "id": 342, "nome": "São Jerônimo da Serra" },
  { "id": 343, "nome": "São João" },
  { "id": 344, "nome": "São João do Caiuá" },
  { "id": 345, "nome": "São João do Ivaí" },
  { "id": 346, "nome": "São João do Triunfo" },
  { "id": 347, "nome": "São Jorge d'Oeste" },
  { "id": 348, "nome": "São Jorge do Ivaí" },
  { "id": 349, "nome": "São Jorge do Patrocínio" },
  { "id": 350, "nome": "São José da Boa Vista" },
  { "id": 351, "nome": "São José das Palmeiras" },
  { "id": 352, "nome": "São José dos Pinhais" },
  { "id": 353, "nome": "São Manoel do Paraná" },
  { "id": 354, "nome": "São Mateus do Sul" },
  { "id": 355, "nome": "São Miguel do Iguaçu" },
  { "id": 356, "nome": "São Pedro do Iguaçu" },
  { "id": 357, "nome": "São Pedro do Ivaí" },
  { "id": 358, "nome": "São Pedro do Paraná" },
  { "id": 359, "nome": "São Sebastião da Amoreira" },
  { "id": 360, "nome": "São Tomé" },
  { "id": 361, "nome": "Sapopema" },
  { "id": 362, "nome": "Sarandi" },
  { "id": 363, "nome": "Saudade do Iguaçu" },
  { "id": 364, "nome": "Sengés" },
  { "id": 365, "nome": "Serranópolis do Iguaçu" },
  { "id": 366, "nome": "Sertaneja" },
  { "id": 367, "nome": "Sertanópolis" },
  { "id": 368, "nome": "Siqueira Campos" },
  { "id": 369, "nome": "Sulina" },
  { "id": 370, "nome": "Tamarana" },
  { "id": 371, "nome": "Tamboara" },
  { "id": 372, "nome": "Tapejara" },
  { "id": 373, "nome": "Tapira" },
  { "id": 374, "nome": "Teixeira Soares" },
  { "id": 375, "nome": "Telêmaco Borba" },
  { "id": 376, "nome": "Terra Boa" },
  { "id": 377, "nome": "Terra Rica" },
  { "id": 378, "nome": "Terra Roxa" },
  { "id": 379, "nome": "Tibagi" },
  { "id": 380, "nome": "Tijucas do Sul" },
  { "id": 381, "nome": "Toledo" },
  { "id": 382, "nome": "Tomazina" },
  { "id": 383, "nome": "Três Barras do Paraná" },
  { "id": 384, "nome": "Tunas do Paraná" },
  { "id": 385, "nome": "Tuneiras do Oeste" },
  { "id": 386, "nome": "Tupãssi" },
  { "id": 387, "nome": "Turvo" },
  { "id": 388, "nome": "Ubiratã" },
  { "id": 389, "nome": "Umuarama" },
  { "id": 390, "nome": "União da Vitória" },
  { "id": 391, "nome": "Uniflor" },
  { "id": 392, "nome": "Uraí" },
  { "id": 393, "nome": "Ventania" },
  { "id": 394, "nome": "Vera Cruz do Oeste" },
  { "id": 395, "nome": "Verê" },
  { "id": 396, "nome": "Virmond" },
  { "id": 397, "nome": "Vitorino" },
  { "id": 398, "nome": "Wenceslau Braz" },
  { "id": 399, "nome": "Xambrê" }
]